a,meanlog_obs,sdlog_obs,meanlog_sim,sdlog_sim,loss,yr,yr_idx,a_hat
0.75,3.4223397163603773,0.713582638282408,3.4093836612263173,0.7084651354466278,2.2023703518523726e-4,2000,1,0.75
0.5,3.4223397163603773,0.713582638282408,3.38385528134539,0.7423092587723864,0.0031314891879732623,2000,1,0.75
1,3.4223397163603773,0.713582638282408,3.3108102476522165,0.7768761728216819,0.020450965419273114,2000,1,0.75
1.5,3.4223397163603773,0.713582638282408,3.1313278401058784,0.7797038725187753,0.09343194735504487,2000,1,0.75
0.25,3.4223397163603773,0.713582638282408,3.1320373602060156,0.8425498701199782,0.11754055176446498,2000,1,0.75
2,3.4223397163603773,0.713582638282408,3.074123353510956,0.8472384414232782,0.15698238278254206,2000,1,0.75
1.25,3.4223397163603773,0.713582638282408,3.0591660364700832,0.8546671322426241,0.1717047906370783,2000,1,0.75
0.25,3.505455159364054,0.543386537108495,3.492583063607495,0.5443359642472511,1.6749367294963447e-4,2001,2,0.25
0.75,3.505455159364054,0.543386537108495,3.4577208822377306,0.5705404500644327,0.0037532311904099128,2001,2,0.25
0.5,3.505455159364054,0.543386537108495,3.45060562157226,0.5841651596479804,0.006334263908409105,2001,2,0.25
1.5,3.505455159364054,0.543386537108495,3.342782669967026,0.6130568672030364,0.03617024859759088,2001,2,0.25
1.25,3.505455159364054,0.543386537108495,3.3234425497095343,0.6244430693718025,0.04626891291835372,2001,2,0.25
1,3.505455159364054,0.543386537108495,3.216835859731435,0.6504803168921952,0.10623925545714279,2001,2,0.25
2,3.505455159364054,0.543386537108495,2.958775602513035,0.6458124434730893,0.31984067046804354,2001,2,0.25
1,3.487672391952548,0.5761037768263841,3.3956094257702576,0.6166575734775895,0.011764810587936197,2002,3,1
0.25,3.487672391952548,0.5761037768263841,3.3774035391791855,0.6250896278286555,0.016958447088786986,2002,3,1
1.25,3.487672391952548,0.5761037768263841,3.2344101847733815,0.6523123368062069,0.07575723481365959,2002,3,1
0.5,3.487672391952548,0.5761037768263841,3.2222044884481145,0.7036651131735848,0.10301699685240659,2002,3,1
2,3.487672391952548,0.5761037768263841,3.096195686294844,0.7215536018882022,0.19556531429363572,2002,3,1
0.75,3.487672391952548,0.5761037768263841,3.028105842081725,0.7049640927353344,0.24441137579248082,2002,3,1
1.5,3.487672391952548,0.5761037768263841,2.831996927084042,0.8101155190460269,0.5394333062238764,2002,3,1
0.5,3.414521676177248,0.6077050743953656,3.3545541318517462,0.6665878040992418,0.010530458087190523,2003,4,0.5
1,3.414521676177248,0.6077050743953656,3.3199228428233045,0.6479519778785314,0.012188565751893723,2003,4,0.5
0.75,3.414521676177248,0.6077050743953656,3.2976894132193664,0.6408123258461117,0.015841957865105488,2003,4,0.5
0.25,3.414521676177248,0.6077050743953656,3.2173814401547687,0.7224167983064527,0.06518183186430583,2003,4,0.5
1.5,3.414521676177248,0.6077050743953656,3.147226857383212,0.7184217551277324,0.0959628869389224,2003,4,0.5
1.25,3.414521676177248,0.6077050743953656,3.0925480329636192,0.7739833189214295,0.15896393612959617,2003,4,0.5
2,3.414521676177248,0.6077050743953656,3.0171201135237213,0.8235776908162847,0.25112997504029155,2003,4,0.5
1.25,3.4081072939992625,0.6209355655605784,3.3450199544227854,0.6715852585882391,0.009110795222430263,2004,5,1.25
0.25,3.4081072939992625,0.6209355655605784,3.326314361200907,0.656795842159886,0.009262002731313997,2004,5,1.25
1.5,3.4081072939992625,0.6209355655605784,3.3159624286147276,0.7092718583526064,0.02409727746521187,2004,5,1.25
0.5,3.4081072939992625,0.6209355655605784,3.287676205622994,0.6985020874466598,0.02653677768250047,2004,5,1.25
0.75,3.4081072939992625,0.6209355655605784,3.1934332874210867,0.7250885613871615,0.06778062217963116,2004,5,1.25
1,3.4081072939992625,0.6209355655605784,3.121178601575605,0.7082150071028099,0.09756347636779752,2004,5,1.25
2,3.4081072939992625,0.6209355655605784,3.1021034800726612,0.7175289192422852,0.11229888608858463,2004,5,1.25
1,3.4392723330200434,0.7278120292154581,3.301625876138822,0.8006611176749849,0.029560526470721903,2005,6,1
0.5,3.4392723330200434,0.7278120292154581,3.252888677737919,0.7643571838226892,0.0374099636068586,2005,6,1
1.25,3.4392723330200434,0.7278120292154581,3.292904976098766,0.8317576539595597,0.04303278897900384,2005,6,1
0.25,3.4392723330200434,0.7278120292154581,3.2594833237821135,0.8147016517358657,0.04742370084623433,2005,6,1
2,3.4392723330200434,0.7278120292154581,3.2320734419686143,0.8473947596479051,0.07153143928830058,2005,6,1
0.75,3.4392723330200434,0.7278120292154581,3.188481696267407,0.8172119693475163,0.07888064207402393,2005,6,1
1.5,3.4392723330200434,0.7278120292154581,3.159451302813828,0.827736401733143,0.09826956939177385,2005,6,1
0.25,3.391948823959037,0.6718560138163863,3.3635380465082525,0.6800271968456979,9.407087395550365e-4,2006,7,0.25
1.5,3.391948823959037,0.6718560138163863,3.352265881601283,0.6934530296048756,0.0025075980961053496,2006,7,0.25
0.5,3.391948823959037,0.6718560138163863,3.2528693986044135,0.7298249656742398,0.02606388531596863,2006,7,0.25
0.75,3.391948823959037,0.6718560138163863,3.192358337933165,0.7418996384441763,0.049648580814041374,2006,7,0.25
1,3.391948823959037,0.6718560138163863,3.0568147421488945,0.7750711283471304,0.1336215725259167,2006,7,0.25
1.25,3.391948823959037,0.6718560138163863,2.96909447265115,0.7417492199245724,0.18857592294017694,2006,7,0.25
2,3.391948823959037,0.6718560138163863,2.8455503861891747,0.7960566145355725,0.3294028312353598,2006,7,0.25
0.25,3.458921290587291,0.6076964377136962,3.460425195349573,0.5931026984224478,4.282161825358697e-4,2007,8,0.25
0.5,3.458921290587291,0.6076964377136962,3.4343727624744598,0.6226560437866618,0.001050209860223077,2007,8,0.25
0.75,3.458921290587291,0.6076964377136962,3.3403707768524202,0.6363073279421735,0.015691390386133694,2007,8,0.25
2,3.458921290587291,0.6076964377136962,3.261713396572473,0.7000408421466715,0.055945931521921455,2007,8,0.25
1,3.458921290587291,0.6076964377136962,3.2123478556184697,0.6575087799169853,0.06576099770387861,2007,8,0.25
1.25,3.458921290587291,0.6076964377136962,3.1038763384880284,0.7093480097924766,0.14672300222334256,2007,8,0.25
1.5,3.458921290587291,0.6076964377136962,3.044840112054577,0.7464307746565023,0.20995765490896137,2007,8,0.25
0.25,3.310957783906278,0.6462903721565258,3.311779827522177,0.646881312086208,1.3741757074262092e-6,2008,9,0.25
1.25,3.310957783906278,0.6462903721565258,3.2296342901026773,0.6772728944817903,0.008533344023695266,2008,9,0.25
0.5,3.310957783906278,0.6462903721565258,3.2207337845093282,0.698021581858175,0.013492606181572752,2008,9,0.25
2,3.310957783906278,0.6462903721565258,2.968774647920301,0.8424537719939101,0.19404945742472035,2008,9,0.25
1,3.310957783906278,0.6462903721565258,2.887767695469443,0.7335278178380926,0.1943105948092646,2008,9,0.25
0.75,3.310957783906278,0.6462903721565258,2.8680639616439114,0.8125545299260056,0.25144247811575754,2008,9,0.25
1.5,3.310957783906278,0.6462903721565258,2.6226896923026706,0.8311290277530891,0.5420436231251613,2008,9,0.25
0.25,3.366131622140773,0.6981064827530816,3.368147315325817,0.6803584579999691,6.340477842904246e-4,2009,10,0.25
0.5,3.366131622140773,0.6981064827530816,3.3043312494859483,0.7235675999538616,0.005115823038498899,2009,10,0.25
0.75,3.366131622140773,0.6981064827530816,3.2349871264823706,0.7267603709237853,0.018840969356095073,2009,10,0.25
1,3.366131622140773,0.6981064827530816,3.202459923046142,0.7569013594773107,0.03370210014255802,2009,10,0.25
1.5,3.366131622140773,0.6981064827530816,2.9907030773369527,0.8025943098726215,0.1627820042858397,2009,10,0.25
1.25,3.366131622140773,0.6981064827530816,2.9056902222312257,0.7518658718541794,0.21778642658370997,2009,10,0.25
2,3.366131622140773,0.6981064827530816,2.6492742942045306,0.9354425356175494,0.62654123259446,2009,10,0.25
0.25,3.36105863287817,0.669138042294739,3.293328853507907,0.7094207079517537,0.007832709318414208,2010,11,0.25
0.5,3.36105863287817,0.669138042294739,3.1130757472027897,0.7815260497057837,0.08675764000753888,2010,11,0.25
0.75,3.36105863287817,0.669138042294739,3.0523133227244372,0.8168325548536194,0.1389510046219353,2010,11,0.25
1,3.36105863287817,0.669138042294739,3.0255293146922,0.8568221129917091,0.18303054414911252,2010,11,0.25
1.5,3.36105863287817,0.669138042294739,2.9811713122562127,0.8273321044346817,0.19436509896200205,2010,11,0.25
1.25,3.36105863287817,0.669138042294739,2.937608238957323,0.8209482752742084,0.22540292978628235,2010,11,0.25
2,3.36105863287817,0.669138042294739,2.5904032637051118,0.9079690997143429,0.7079902460115952,2010,11,0.25
0.5,3.449914507132503,0.5974459212948605,3.4503814654487797,0.5949422093614676,1.2755196959968523e-5,2011,12,0.5
0.25,3.449914507132503,0.5974459212948605,3.464637468395632,0.5708200677283125,0.0016346377446501115,2011,12,0.5
0.75,3.449914507132503,0.5974459212948605,3.384261191564551,0.6022801755506857,0.00435709787348501,2011,12,0.5
1,3.449914507132503,0.5974459212948605,3.3589164300005483,0.6534896100780805,0.014562440146573975,2011,12,0.5
1.5,3.449914507132503,0.5974459212948605,3.181018718915037,0.7218777277889029,0.10327149385583376,2011,12,0.5
1.25,3.449914507132503,0.5974459212948605,3.04976724690397,0.7419390849284152,0.20187437854206772,2011,12,0.5
2,3.449914507132503,0.5974459212948605,2.95452460608071,0.8331099357086128,0.3564862094433153,2011,12,0.5
0.5,3.3942872958731525,0.6562569420152621,3.369193808416845,0.6695489246796709,9.830367190217417e-4,2012,13,0.5
0.25,3.3942872958731525,0.6562569420152621,3.412382831869695,0.6278005112127177,0.0019469853310421525,2012,13,0.5
0.75,3.3942872958731525,0.6562569420152621,3.090194090151128,0.7380858603831274,0.10586462152880717,2012,13,0.5
1.25,3.3942872958731525,0.6562569420152621,3.00505320275327,0.7907931200306281,0.18770314563682192,2012,13,0.5
1,3.3942872958731525,0.6562569420152621,2.9478000978950045,0.7264553230314841,0.20920644335297525,2012,13,0.5
2,3.3942872958731525,0.6562569420152621,2.9608631388026936,0.7620133649014347,0.21022534189559577,2012,13,0.5
1.5,3.3942872958731525,0.6562569420152621,2.927131926572215,0.7430510872243742,0.23330058635185605,2012,13,0.5
0.25,3.336081232250636,0.7299105660321895,3.2632714919919414,0.7592636952671735,0.007024470668309932,2013,14,0.25
0.5,3.336081232250636,0.7299105660321895,3.1661496410003678,0.8128247210532603,0.042626259910564596,2013,14,0.25
1.25,3.336081232250636,0.7299105660321895,3.161114038789854,0.8275542595820059,0.049682100567643675,2013,14,0.25
0.75,3.336081232250636,0.7299105660321895,3.0545917746098907,0.822086488126214,0.09622911599064833,2013,14,0.25
1.5,3.336081232250636,0.7299105660321895,3.000082286742702,0.8518148185142602,0.1426165849288686,2013,14,0.25
1,3.336081232250636,0.7299105660321895,2.932247931196914,0.8268450500553791,0.18187392342563014,2013,14,0.25
2,3.336081232250636,0.7299105660321895,2.790973917394651,0.9100112408366952,0.3620144908395786,2013,14,0.25
0.25,3.324093651555343,0.6791829348927273,3.3477753645676356,0.6577370111997085,0.0014806788172901579,2014,15,0.25
0.5,3.324093651555343,0.6791829348927273,3.19854263163952,0.7401563028352454,0.023198561798410754,2014,15,0.25
1,3.324093651555343,0.6791829348927273,3.109881133800067,0.7377397875802786,0.05274481275639753,2014,15,0.25
0.75,3.324093651555343,0.6791829348927273,3.0949109311567784,0.744319217228088,0.06101018988223028,2014,15,0.25
1.5,3.324093651555343,0.6791829348927273,2.927546921835635,0.7984061141978419,0.1856776418186342,2014,15,0.25
1.25,3.324093651555343,0.6791829348927273,2.8981244945325586,0.7604555066384333,0.19466018457102338,2014,15,0.25
2,3.324093651555343,0.6791829348927273,2.9003945679426417,0.8386625914227727,0.2303884351481253,2014,15,0.25
0.5,3.369687259402341,0.8130899454046983,3.3496818334578236,0.8140988815467709,4.022529714991253e-4,2015,16,0.5
0.25,3.369687259402341,0.8130899454046983,3.3546324904113467,0.8268841876103413,6.072083054280872e-4,2015,16,0.5
1.25,3.369687259402341,0.8130899454046983,3.3057887134822086,0.8647992832841164,0.009430735418562897,2015,16,0.5
0.75,3.369687259402341,0.8130899454046983,3.217784706670099,0.8508849826648109,0.025931315209558162,2015,16,0.5
1,3.369687259402341,0.8130899454046983,3.1050231466916376,0.888217937482224,0.08133552294414535,2015,16,0.5
2,3.369687259402341,0.8130899454046983,2.8119382809793625,0.918016827645543,0.33310322416544413,2015,16,0.5
1.5,3.369687259402341,0.8130899454046983,2.7502659637248574,0.969476430151874,0.43259620676192956,2015,16,0.5
0.25,3.366993850637286,0.6185927769836532,3.3336828538206342,0.6306996790999891,0.0014027766666280523,2016,17,0.25
1.25,3.366993850637286,0.6185927769836532,3.262307929421518,0.6164721421115875,0.010968136285315233,2016,17,0.25
0.75,3.366993850637286,0.6185927769836532,3.1482786087172836,0.6629502137921679,0.05177152144856786,2016,17,0.25
1,3.366993850637286,0.6185927769836532,3.1679045820860097,0.708664274331061,0.05586228612109036,2016,17,0.25
1.5,3.366993850637286,0.6185927769836532,3.1040487211441556,0.7670438200415627,0.11321556549412158,2016,17,0.25
2,3.366993850637286,0.6185927769836532,2.9785288010552073,0.6926610387753961,0.16187730955650703,2016,17,0.25
0.5,3.366993850637286,0.6185927769836532,2.9671625560610293,0.7469191147700781,0.19280036206187648,2016,17,0.25
0.25,3.3661709236765525,0.6209990494550511,3.374621995675319,0.6088542725631935,3.6641182943433504e-4,2017,18,0.25
0.75,3.3661709236765525,0.6209990494550511,3.2055789878038663,0.6716870195592084,0.030928310493896827,2017,18,0.25
0.5,3.3661709236765525,0.6209990494550511,3.1446334484323657,0.700259200507937,0.06164319602742123,2017,18,0.25
1.25,3.3661709236765525,0.6209990494550511,3.139992443036861,0.7101066193375996,0.06703702312522584,2017,18,0.25
1.5,3.3661709236765525,0.6209990494550511,3.037782688382404,0.7248405992917434,0.12940496802457752,2017,18,0.25
2,3.3661709236765525,0.6209990494550511,3.035153046268774,0.7404660580569785,0.1381175674521371,2017,18,0.25
1,3.3661709236765525,0.6209990494550511,3.009828606599705,0.7596364896655935,0.16542052659596002,2017,18,0.25
0.75,3.4079513283706984,0.6346857610953652,3.407563460869959,0.6179795323097543,5.583466016724782e-4,2018,19,0.75
0.25,3.4079513283706984,0.6346857610953652,3.3328403074891244,0.6750173904018811,0.008894946102908663,2018,19,0.75
0.5,3.4079513283706984,0.6346857610953652,3.1989174848570303,0.6996293344562498,0.05213048317585784,2018,19,0.75
1,3.4079513283706984,0.6346857610953652,3.100608706310292,0.7257244390531223,0.1110355691035583,2018,19,0.75
1.5,3.4079513283706984,0.6346857610953652,3.0725988706192866,0.775704678788142,0.1522339412143967,2018,19,0.75
1.25,3.4079513283706984,0.6346857610953652,2.8979698532728193,0.7666494558691684,0.29490993841971563,2018,19,0.75
2,3.4079513283706984,0.6346857610953652,2.904448644036535,0.7989608836020773,0.30748758488089856,2018,19,0.75
0.25,3.3665761589054095,0.6573675096699019,3.3120602827860575,0.664335636381164,0.0030690903287889483,2019,20,0.25
0.5,3.3665761589054095,0.6573675096699019,3.3163808798806107,0.6805680394833341,0.0035960952036253237,2019,20,0.25
1.5,3.3665761589054095,0.6573675096699019,3.2219014021853107,0.7041634261499483,0.025310500830434728,2019,20,0.25
0.75,3.3665761589054095,0.6573675096699019,3.223342746225794,0.743641970905788,0.035402375830933815,2019,20,0.25
1.25,3.3665761589054095,0.6573675096699019,3.1428181642447854,0.697897791539689,0.05335304767143266,2019,20,0.25
1,3.3665761589054095,0.6573675096699019,3.117681547446667,0.728609083544044,0.07209925130932819,2019,20,0.25
2,3.3665761589054095,0.6573675096699019,3.0209102154375147,0.7742195567413347,0.14679374628311856,2019,20,0.25
0.25,2.8249562208035113,0.591606929877012,2.7812884848050468,0.641965186436209,0.006978779174595412,2020,21,0.25
0.5,2.8249562208035113,0.591606929877012,2.6793615620081406,0.6910292970461823,0.04096741885678304,2020,21,0.25
1,2.8249562208035113,0.591606929877012,2.6248816431012987,0.7033138348732372,0.06498670189039005,2020,21,0.25
0.75,2.8249562208035113,0.591606929877012,2.508598858193476,0.7502313993437462,0.15040542550478314,2020,21,0.25
1.5,2.8249562208035113,0.591606929877012,2.4803616264831687,0.7806185236662553,0.19019619960830125,2020,21,0.25
1.25,2.8249562208035113,0.591606929877012,2.415147932040751,0.8258663651547328,0.2776977995719352,2020,21,0.25
2,2.8249562208035113,0.591606929877012,2.3193631120976197,0.7204113273821238,0.28880553720419716,2020,21,0.25
0.25,3.331194901372022,0.5669271782592306,3.2691273437307062,0.5944708046816901,0.005369684424558067,2021,22,0.25
1,3.331194901372022,0.5669271782592306,3.2649467831415273,0.6137783907365522,0.00877888539027186,2021,22,0.25
1.25,3.331194901372022,0.5669271782592306,3.23903125286325,0.6264129011702086,0.015571240566931759,2021,22,0.25
0.5,3.331194901372022,0.5669271782592306,3.143331820941749,0.6610569165633554,0.0530133522551572,2021,22,0.25
1.5,3.331194901372022,0.5669271782592306,3.103742984761351,0.724533985547671,0.10141418577717876,2021,22,0.25
0.75,3.331194901372022,0.5669271782592306,2.9725342598089948,0.6988961578401199,0.16346907894964463,2021,22,0.25
2,3.331194901372022,0.5669271782592306,2.924915053258196,0.7321667083503967,0.21967151959289222,2021,22,0.25
0.25,3.401800256298874,0.6392153255971957,3.399229890863375,0.6295167696908222,1.9473075181011438e-4,2022,23,0.25
0.75,3.401800256298874,0.6392153255971957,3.323244338170085,0.6313437010298524,0.006294957219715361,2022,23,0.25
0.5,3.401800256298874,0.6392153255971957,3.2963582435168,0.6584449978486135,0.011857578649328881,2022,23,0.25
1,3.401800256298874,0.6392153255971957,3.2126272735666657,0.7109985957610738,0.04609209314664095,2022,23,0.25
1.25,3.401800256298874,0.6392153255971957,3.1242671228149983,0.7720008012234257,0.11228860525594692,2022,23,0.25
1.5,3.401800256298874,0.6392153255971957,2.8914555088662004,0.7688755453076912,0.2940753063828671,2022,23,0.25
2,3.401800256298874,0.6392153255971957,2.8540527478561644,0.7689580635164378,0.33369368909075836,2022,23,0.25
0.5,3.2736136351465466,0.6700506051127397,3.2658255026467775,0.6831544538597225,4.040767118015636e-4,2023,24,0.5
0.25,3.2736136351465466,0.6700506051127397,3.211094129743671,0.6804094935877065,0.004123301696693784,2023,24,0.5
1,3.2736136351465466,0.6700506051127397,3.1591353666756388,0.7001654462456347,0.01491908126501625,2023,24,0.5
0.75,3.2736136351465466,0.6700506051127397,3.146104785394392,0.7747288679945638,0.038173584205030045,2023,24,0.5
1.5,3.2736136351465466,0.6700506051127397,3.043497536040432,0.770512938948578,0.07313878010730199,2023,24,0.5
1.25,3.2736136351465466,0.6700506051127397,3.021371810938864,0.8090388878138494,0.10226142333602666,2023,24,0.5
2,3.2736136351465466,0.6700506051127397,2.634946793295318,0.8036044259870905,0.4435685810204984,2023,24,0.5
0.5,3.3789128114574267,0.6472560062464543,3.2677698926589387,0.7146459968159266,0.02143557005695442,2024,25,0.5
0.25,3.3789128114574267,0.6472560062464543,3.2399340853041627,0.7172499486530018,0.02911339027040614,2024,25,0.5
0.75,3.3789128114574267,0.6472560062464543,3.1766698085467704,0.7626667737570959,0.06754152274111049,2024,25,0.5
2,3.3789128114574267,0.6472560062464543,2.9774870153841917,0.7601974473465274,0.18665420798855303,2024,25,0.5
1.5,3.3789128114574267,0.6472560062464543,2.9944706002645223,0.8136290055795948,0.2031557635611001,2024,25,0.5
1,3.3789128114574267,0.6472560062464543,2.9782954954916394,0.797028151525266,0.2053576248544664,2024,25,0.5
1.25,3.3789128114574267,0.6472560062464543,2.915727598553434,0.8214705747625684,0.2752419732194288,2024,25,0.5
1.25,3.3191549537930514,0.6325712002997456,3.1853032968883093,0.6902983137531259,0.024581105311463684,2025,26,1.25
0.25,3.3191549537930514,0.6325712002997456,3.1768315869888557,0.7117911906530364,0.03280755448163262,2025,26,1.25
0.75,3.3191549537930514,0.6325712002997456,3.1270693530548357,0.7241108322603182,0.05365588644991541,2025,26,1.25
1,3.3191549537930514,0.6325712002997456,3.089811663739636,0.7177482283080899,0.06710859689319368,2025,26,1.25
0.5,3.3191549537930514,0.6325712002997456,3.0334927622654146,0.7539563438629845,0.11107159382410846,2025,26,1.25
2,3.3191549537930514,0.6325712002997456,3.0275152975482738,0.7606377871227301,0.11785579041555012,2025,26,1.25
1.5,3.3191549537930514,0.6325712002997456,3.031778910792535,0.7732545642373609,0.12216860786824182,2025,26,1.25
