design,rep,n_players,K_true,gamma_true,p_adj,seed,model,time_user,time_sys,time_elapsed,fit_error,rmse,mae,spearman,kendall,pearson,K_median,K_mode,pr_K_true,HPD_low,HPD_high,ari_minVI,vi_minVI,ari_binder,vi_binder
design1,1,105,3,0.71,0.85,103133,BT,21.718999999999998,0.21699999999999997,22.583000000000002,NA,2.5710182835630078,1.1637474508742849,0.8694138848354414,0.7424027164191039,0.9495649239326585,NA,NA,NA,NA,NA,NA,NA,NA,NA
design1,1,105,3,0.71,0.85,103133,RCBTL,39925.816,10.241,40003.452,NA,1.05767441151083,0.392740989940937,0.841435537915399,0.718423907972382,0.947120901934713,18,18,0,14,20,0.177679022937052,2.73593352113975,0.0893359836646136,3.4954471883691
design1,1,105,3,0.71,0.85,103133,BT-SBM,23.7359999999971,0,23.7770000000019,NA,0.47621113526115,0.254221204705671,0.847639655161566,0.722655462404156,0.989991232032873,3,3,0.635125,3,5,0.83452968880474,0.440445971927532,0.829819543141009,0.509506386002453
design2,1,105,3,0.71,0.85,103143,BT,22.052,0.21000000000000002,22.595,NA,0.981599208895645,0.5809279032007619,0.8458286371071929,0.7000784885353142,0.9773622870986445,NA,NA,NA,NA,NA,NA,NA,NA,NA
design2,1,105,3,0.71,0.85,103143,RCBTL,NA,NA,NA,SKIPPED_RCBTL_NOT_SELECTED,NA,NA,NA,NA,NA,NA,NA,NA,NA,NA,NA,NA,NA,NA
design2,1,105,3,0.71,0.85,103143,BT-SBM,23.4910000000018,0,23.5290000000023,NA,0.552215573712411,0.180372488092963,0.845828637107193,0.700078488535314,0.991887534966086,3,3,0.761625,3,5,1,0,1,0
design3,1,105,3,0.71,0.85,103153,BT,22.133999999999993,0.17600000000000005,22.367999999999995,NA,2.2402919905671284,0.9698042300899348,0.8270644413675123,0.7032115619251309,0.9237808664716659,NA,NA,NA,NA,NA,NA,NA,NA,NA
design3,1,105,3,0.71,0.85,103153,RCBTL,NA,NA,NA,SKIPPED_RCBTL_NOT_SELECTED,NA,NA,NA,NA,NA,NA,NA,NA,NA,NA,NA,NA,NA,NA
design3,1,105,3,0.71,0.85,103153,BT-SBM,23.6129999999976,0.00200000000000066,23.6579999999958,NA,1.11534726339196,0.529103120411968,0.827064441367512,0.703211561925131,0.991354362015092,3,3,0.76425,3,5,0.870244765555883,0.427690738217968,0.869848156182213,0.446520253617998
design1,1,105,5,0.71,0.85,105133,BT,21.964,0.16499999999999992,22.25699999999999,NA,99.05298931461192,34.79422835950849,0.9169455198463484,0.8186460708840583,0.8920356969129015,NA,NA,NA,NA,NA,NA,NA,NA,NA
design1,1,105,5,0.71,0.85,105133,RCBTL,NA,NA,NA,SKIPPED_RCBTL_NOT_SELECTED,NA,NA,NA,NA,NA,NA,NA,NA,NA,NA,NA,NA,NA,NA
design1,1,105,5,0.71,0.85,105133,BT-SBM,24.0959999999977,0,24.1389999999956,NA,16.1530569591945,6.6566888161446,0.906639308978576,0.813163040314459,0.984596393460696,5,5,0.457375,4,7,0.969707686151154,0.761947432755198,0.774295344817715,0.785342207217644
design2,1,105,5,0.71,0.85,105143,BT,22.063000000000002,0.16199999999999992,22.346000000000004,NA,22.96044449427829,7.637534389864936,0.9519310143223275,0.8575072165165251,0.8848156978706117,NA,NA,NA,NA,NA,NA,NA,NA,NA
design2,1,105,5,0.71,0.85,105143,RCBTL,NA,NA,NA,SKIPPED_RCBTL_NOT_SELECTED,NA,NA,NA,NA,NA,NA,NA,NA,NA,NA,NA,NA,NA,NA
design2,1,105,5,0.71,0.85,105143,BT-SBM,23.9189999999944,0,23.9590000000026,NA,15.8491093422159,6.19737643142294,0.951352987558641,0.858943865442072,0.933267496106766,6,5,0.456125,5,8,0.679614370013922,0.978192279425082,0.703595145671442,1.02994161823224
design3,1,105,5,0.71,0.85,105153,BT,22.093000000000004,0.131,22.305999999999997,NA,51.05850882486102,12.532647442568926,0.9041208578845767,0.7967429328944767,0.9035730369733892,NA,NA,NA,NA,NA,NA,NA,NA,NA
design3,1,105,5,0.71,0.85,105153,RCBTL,NA,NA,NA,SKIPPED_RCBTL_NOT_SELECTED,NA,NA,NA,NA,NA,NA,NA,NA,NA,NA,NA,NA,NA,NA
design3,1,105,5,0.71,0.85,105153,BT-SBM,23.8450000000012,0,23.885000000002,NA,40.5197957688265,12.6997785540172,0.899941226526409,0.78728353168146,0.785972189944909,4,4,0.258375,4,6,0.753517011333468,0.606768857095525,0.886480209681165,0.653168310705423
design1,1,105,7,0.71,0.85,107133,BT,21.62699999999998,0.139,21.789999999999992,NA,363.55277581506067,46.2214530789981,0.891138581392953,0.7911300852584621,0.7070805979279033,NA,NA,NA,NA,NA,NA,NA,NA,NA
design1,1,105,7,0.71,0.85,107133,RCBTL,NA,NA,NA,SKIPPED_RCBTL_NOT_SELECTED,NA,NA,NA,NA,NA,NA,NA,NA,NA,NA,NA,NA,NA,NA
design1,1,105,7,0.71,0.85,107133,BT-SBM,24.0440000000017,0,24.0829999999987,NA,423.351043440626,64.6849501478429,0.882215124299422,0.787049274213895,0.50434041036674,5,5,0.071125,4,7,0.399470120694731,1.19681895881179,0.634060520760028,1.17615280745632
design2,1,105,7,0.71,0.85,107143,BT,22.036,0.15999999999999992,22.443000000000012,NA,187.74661449044575,54.95563552121764,0.9600946364297459,0.8768171318364559,0.859315341610574,NA,NA,NA,NA,NA,NA,NA,NA,NA
design2,1,105,7,0.71,0.85,107143,RCBTL,NA,NA,NA,SKIPPED_RCBTL_NOT_SELECTED,NA,NA,NA,NA,NA,NA,NA,NA,NA,NA,NA,NA,NA,NA
design2,1,105,7,0.71,0.85,107143,BT-SBM,24.1229999999996,0,24.1619999999966,NA,333.322632322831,94.4076583243375,0.952157703007837,0.863348348217781,0.683679651091492,6,5,0.15675,5,8,0.45339492088917,1.3921152539562,0.666027484819431,1.40840240180443
design3,1,105,7,0.71,0.85,107153,BT,21.960000000000008,0.10099999999999998,22.09700000000001,NA,149.18485039831037,21.944279815490408,0.9474234799326614,0.8514763982087199,0.9283391134572823,NA,NA,NA,NA,NA,NA,NA,NA,NA
design3,1,105,7,0.71,0.85,107153,RCBTL,NA,NA,NA,SKIPPED_RCBTL_NOT_SELECTED,NA,NA,NA,NA,NA,NA,NA,NA,NA,NA,NA,NA,NA,NA
design3,1,105,7,0.71,0.85,107153,BT-SBM,24.0250000000015,0,24.0650000000023,NA,244.166160550988,33.4890849139771,0.92915913051956,0.832761731939104,0.474896636136032,6,5,0.15225,4,8,0.945730983873094,0.75445104425319,0.759991895830249,0.876267019763605
